iter	MultiClass
0	2.100027036
1	2.02110174
2	1.956224718
3	1.902930045
4	1.858066462
5	1.820093645
6	1.787548302
7	1.759516107
8	1.734950054
9	1.71374037
